name,url,logo
有米官网,https://www.youmi.net/,https://raw.githubusercontent.com/yaoguanfei/auto_Pagespeed_insight/master/screen_shot/youmi_logo3.png
暂无竞品,,,
AG通用版,https://appgrowing.cn/,https://raw.githubusercontent.com/yaoguanfei/auto_Pagespeed_insight/master/screen_shot/ag_logo.png
Adinsight,https://www.reyun.com/products/adInsight/,https://raw.githubusercontent.com/yaoguanfei/auto_Pagespeed_insight/master/screen_shot/ag_logo.png
AG电商版,https://ds.appgrowing.cn/leaflet,https://raw.githubusercontent.com/yaoguanfei/auto_Pagespeed_insight/master/screen_shot/ag_logo.png
Adbug,https://www.adbug.cn/,,
有米云官网,https://youcloud.com/,https://raw.githubusercontent.com/yaoguanfei/auto_Pagespeed_insight/master/screen_shot/%E8%90%A5%E9%94%80%E4%BA%91_logo.png
暂无竞品,,,
米汇产品,https://www.mihui.com/,https://raw.githubusercontent.com/yaoguanfei/auto_Pagespeed_insight/master/screen_shot/%E7%B1%B3%E6%B1%87_logo.png
飞瓜数据,https://www.feigua.cn/,,